node,index,color
DEPT OF THE AIR FORCE,0,#F17B7B
DEFENSE LOGISTICS AGENCY,1,#F17B7B
FEDERAL ACQUISITION SERVICE,2,#F17B7B
DEPT OF THE ARMY,3,#F17B7B
U.S. ARMY CORPS OF ENGINEERS - CIVIL PROGRAM FINANCING ONLY,4,#F17B7B
DEPT OF THE NAVY,5,#F17B7B
AGRICULTURAL RESEARCH SERVICE,6,#F17B7B
"VETERANS AFFAIRS, DEPARTMENT OF",7,#F17B7B
FOREST SERVICE,8,#F17B7B
FEDERAL BUREAU OF INVESTIGATION,9,#F17B7B
FEDERAL PRISON SYSTEM / BUREAU OF PRISONS,10,#F17B7B
NATIONAL INSTITUTE OF STANDARDS AND TECHNOLOGY,11,#F17B7B
U.S. COAST GUARD,12,#F17B7B
U.S. SPECIAL OPERATIONS COMMAND (USSOCOM),13,#F17B7B
SMITHSONIAN INSTITUTION,14,#F17B7B
U.S. FISH AND WILDLIFE SERVICE,15,#F17B7B
NATURAL RESOURCES CONSERVATION SERVICE,16,#F17B7B
NATIONAL INSTITUTES OF HEALTH,17,#F17B7B
FEDERAL PRISON INDUSTRIES / UNICOR,18,#F17B7B
ENVIRONMENTAL PROTECTION AGENCY,19,#F17B7B
NATIONAL PARK SERVICE,20,#F17B7B
ANIMAL AND PLANT HEALTH INSPECTION SERVICE,21,#F17B7B
"STATE, DEPARTMENT OF",22,#F17B7B
BUREAU OF LAND MANAGEMENT,23,#F17B7B
BUREAU OF INDIAN AFFAIRS AND BUREAU OF INDIAN EDUCATION,24,#F17B7B
NATIONAL OCEANIC AND ATMOSPHERIC ADMINISTRATION,25,#F17B7B
J. F. KENNEDY CENTER FOR THE PERFORMING ARTS,26,#F17B7B
UNITED STATES MINT,27,#F17B7B
SOCIAL SECURITY ADMINISTRATION,28,#F17B7B
NATIONAL AERONAUTICS AND SPACE ADMINISTRATION,29,#F17B7B
AGRICULTURAL MARKETING SERVICE,30,#6F7CDB
A & L SANCHEZ PAINTING AND CONSTRUCTION INC,31,#6F7CDB
A.M.S. NETWORK  LLC,32,#6F7CDB
ACI-LUBESCO,33,#6F7CDB
ACUITY SPECIALTY PRODUCTS  INC,34,#6F7CDB
ADAM TRUE VALUE & AG SUPPLY  INC,35,#6F7CDB
ADAPTIVE WILDLIFE MANAGEMENT,36,#6F7CDB
ADDCON GMBH,37,#6F7CDB
ADIRONDACK ELECTRONICS  INC.,38,#6F7CDB
ADJOINER TRUJILLO JV,39,#6F7CDB
AG PARTNERS  LLC,40,#6F7CDB
AGGREGATE TRANSPORT CORPORATION,41,#6F7CDB
AGRICULTURAL COMMODITIES  INC.,42,#6F7CDB
AGRI-CYCLE ENERGY LLC,43,#6F7CDB
AGRO POWER CORPORATION,44,#6F7CDB
AGSALT PROCESSING LLC,45,#6F7CDB
AHW TSC JV1,46,#6F7CDB
AIKEN COUNTY FARM SUPPLY  INC.,47,#6F7CDB
"AKTION, INC.",48,#6F7CDB
ALASKA GARDEN & PET SUPPLY  INC,49,#6F7CDB
LAKELAND FEED & SUPPLY INC,50,#6F7CDB
ALCOM MEDIKAL BILGISAYAR INS TUR OTO TEKS PAZ SAN VE TIC LT,51,#6F7CDB
ALEUT FIELD SERVICES  LLC,52,#6F7CDB
ALLEN  J. F. COMPANY,53,#6F7CDB
ALLIED CONSTRUCTION & WOODWORKING SALES  INC.,54,#6F7CDB
ALLSTAR ECOLOGY LLC,55,#6F7CDB
ALPHA SCENTS  INC.,56,#6F7CDB
AMENTUM SERVICES  INC.,57,#6F7CDB
AMERICAN ELECTRIC EQUIPMENT  INC.,58,#6F7CDB
AMERICAN ORDNANCE LLC,59,#6F7CDB
APPLIED INDUSTRIAL TECHNOLOGIES  INC.,60,#6F7CDB
APPLIED SCIENCES AND INFORMATION SYSTEMS  INC.,61,#6F7CDB
AQUATIC ENVIRONMENTAL SERVICES  INC,62,#6F7CDB
ARMITE LABORATORIES INC,63,#6F7CDB
DIVINE KUSTOMS CONSTRUCTION,64,#6F7CDB
ARCTIC SLOPE REGIONAL CORPORATION,65,#6F7CDB
ASSOCIATION OF FERTILIZER AND PHOSPHATE CHEMISTS  INC.,66,#6F7CDB
ATLANTIC DIVING SUPPLY  INC.,67,#6F7CDB
AUTOMATION PRECISION TECHNOLOGY  LLC,68,#6F7CDB
B&B SUPPLY & SERVICES,69,#6F7CDB
B&H INTERNATIONAL LLC,70,#6F7CDB
B. W. CAPPS & SON  INC.,71,#6F7CDB
BALL HORTICULTURAL COMPANY,72,#6F7CDB
BALTIMORE AUTO SUPPLY COMPANY,73,#6F7CDB
BARBER ENGINEERING COMPANY,74,#6F7CDB
BARRETT TRUCKING CO INC,75,#6F7CDB
BASIN FERTILIZER & CHEMICAL CO.,76,#6F7CDB
BEARTOOTH FERTILIZER INC,77,#6F7CDB
BELL SEED STORE LLC,78,#6F7CDB
BERTAGNA CUSTOM FARMING  INC.,79,#6F7CDB
TRICOR PACIFIC CAPITAL PARTNERS (FUND IV) US  LP,80,#6F7CDB
COMPAGNIE MERIEUX ALLIANCE,81,#6F7CDB
BLUE ASH INDUSTRIAL SUPPLY  INC.,82,#6F7CDB
BNJ BUILDERS  LLC,83,#6F7CDB
THE BOEING COMPANY,84,#6F7CDB
BOSMA INDUSTRIES FOR THE BLIND  INC.,85,#6F7CDB
BOSUNG INDUSTRY CO.  LTD.,86,#6F7CDB
"BOWMAN & BOWMAN FARMS, INC",87,#6F7CDB
BRENNTAG NV,88,#6F7CDB
BSE PERFORMANCE LLC,89,#6F7CDB
"BURHANI ENTERPRISES, INC",90,#6F7CDB
BYERLY AND COOK,91,#6F7CDB
C & E SERVICES  INC.,92,#6F7CDB
CAIN BICKLEY CHEMICALS  LLC,93,#6F7CDB
CALIBURNUS SERVICES  LLC,94,#6F7CDB
AG RX  INC.,95,#6F7CDB
CAMBRIDGE ISOTOPE LABORATORIES  INC.,96,#6F7CDB
CAMPBELL  INC.  K. R.,97,#6F7CDB
CARGILL  INCORPORATED,98,#6F7CDB
CARWELL PRODUCTS  INC.,99,#6F7CDB
CERALUSA  LLC,100,#6F7CDB
CH2M HILL COMPANIES  LTD.,101,#6F7CDB
JACOBS ENGINEERING GROUP INC.,102,#6F7CDB
CHASE SUPPLY  INC.,103,#6F7CDB
FISHER DARVILLE HOLDINGS LTD,104,#6F7CDB
CHEMCO INDUSTRIES  INC.,105,#6F7CDB
METALAST SURFACE TECHNOLOGY  LLC,106,#6F7CDB
"CHEMICO SYSTEMS, INC.",107,#6F7CDB
DANAHER CORPORATION,108,#6F7CDB
CHEROKEE NATION ENVIRONMENTAL SOLUTIONS  L.L.C.,109,#6F7CDB
CHS INC.,110,#6F7CDB
CITY CHEMICAL LLC,111,#6F7CDB
CLARIANT AG,112,#6F7CDB
CLARKE POWER SERVICES  INC.,113,#6F7CDB
CMC & MAINTENANCE  INC.,114,#6F7CDB
COMMODITIESUSA  INC.,115,#6F7CDB
COMMUNICATIONS SCIENTIFIC INTERNATIONAL  INCORPORATED,116,#6F7CDB
COMPASS MINERALS INTERNATIONAL  INC.,117,#6F7CDB
CONCREATED DESIGN FIRM LLC.,118,#6F7CDB
CONSUMERS SUPPLY DISTRIBUTING  LLC,119,#6F7CDB
COONEY FERTILIZER  INC.,120,#6F7CDB
COOPERATIVE PRODUCERS  INC.,121,#6F7CDB
CRABBE AVIATION LLC,122,#6F7CDB
CROP PRODUCTION SERVICES  INC.,123,#6F7CDB
AGRIUM INC,124,#6F7CDB
CSI GMBH,125,#6F7CDB
CTS CEMENT MANUFACTURING CORPORATION,126,#6F7CDB
DACOMA FARMERS COOPERATIVE  INC,127,#6F7CDB
DAKOTA HELICOPTER AIR SERVICES  INC,128,#6F7CDB
DEFENSE ENERGY SYNDICATE LLC,129,#6F7CDB
DEKOL LLC,130,#6F7CDB
NULISCH  JUSTIN MICHAEL,131,#6F7CDB
DELA TECHNOLOGY CORPORATION,132,#6F7CDB
DELAWARE PAINT COMPANY  LTD THE,133,#6F7CDB
DELMONICO RESTORATION & DEVELOPMENT  LLC,134,#6F7CDB
DERBYSHIRE MARINE PRODUCTS  LLC,135,#6F7CDB
PIONEER AG-CHEM  INC.,136,#6F7CDB
DC GALAXY HOLDING C.V.,137,#6F7CDB
DOW EUROPE GMBH,138,#6F7CDB
DUMFRIES NURSERY & GARDEN CENTER,139,#6F7CDB
DYNASTY CHEMICAL CORP.,140,#6F7CDB
EAST CORE  K.K.,141,#6F7CDB
EASTERN MINERALS  INC.,142,#6F7CDB
ECLIPSE CONSTRUCTORS LLC,143,#6F7CDB
ECOLFER SRL,144,#6F7CDB
ECOLOGY MIR GROUP LLC,145,#6F7CDB
EHB SUPPLY,146,#6F7CDB
ELITE PROCUREMENT  LLC,147,#6F7CDB
EMULTEC  INC.,148,#6F7CDB
EQM TECHNOLOGIES & ENERGY  INC,149,#6F7CDB
ENVIROTECH SERVICES  INC.,150,#6F7CDB
EPOXY RESIN INNOVATORS  CORP,151,#6F7CDB
EQUIPMENT SPECIALISTS  INC.,152,#6F7CDB
ERDMUTE DIEROLF,153,#6F7CDB
ESGARD INCORPORATED,154,#6F7CDB
EXPOTECH U.S.A.  INC.,155,#6F7CDB
F & M MICRO PRODUCTS  INC.,156,#6F7CDB
FAITH TRAIL GLOBAL,157,#6F7CDB
FARM & HOME SERVICE INC,158,#6F7CDB
FARMERS COOPERATIVE,159,#6F7CDB
FARMERS FERTILIZER CO.,160,#6F7CDB
FBC ENTERPRISES LLC,161,#6F7CDB
FEDERAL REALTY INVESTMENT COMPANY,162,#6F7CDB
FLEET MANAGEMENT SERVICES  LLC,163,#6F7CDB
FLITE LEVEL ZERO INC,164,#6F7CDB
FOREIGN CONTRACTOR (UNDISCLOSED),165,#6F7CDB
FORESPAR PRODUCTS CORP,166,#6F7CDB
FOREST CONCEPTS  LLC,167,#6F7CDB
FUDURIC GMBH & CO. KG,168,#6F7CDB
FYVE STAR INC,169,#6F7CDB
GENERAL ATOMIC TECHNOLOGIES CORPORATION,170,#6F7CDB
GENESIS TURFGRASS  INC.,171,#6F7CDB
GFS SUPPLY & SERVICES COMPANY INC,172,#6F7CDB
GIGA  INC.,173,#6F7CDB
GINETECH INC,174,#6F7CDB
"GOLD STAR FS, INC.",175,#6F7CDB
GOSHEN FARMERS COOP  INC,176,#6F7CDB
GOVERNMENT MLO SUPPLIES USA INC,177,#6F7CDB
GPC CONSOLIDATED REPORTING,178,#6F7CDB
GRACO FERTILIZER COMPANY,179,#6F7CDB
GREEN WAVE SUPPLY & LOGISTICS  INC,180,#6F7CDB
GREENWAY PRODUCTS  INC.,181,#6F7CDB
GRIFFIN GREENHOUSE SUPPLIES  INC.,182,#6F7CDB
GROWERS SOIL MANAGEMENT  LLC,183,#6F7CDB
GROWMARK  INC.,184,#6F7CDB
GUNTHER SALT COMPANY,185,#6F7CDB
HAKUTO CO.  LTD.,186,#6F7CDB
HARRELL'S  LLC,187,#6F7CDB
RAYMOND M HARRIS & CO INC,188,#6F7CDB
HARVEY SALT COMPANY  THE,189,#6F7CDB
HEINEN BROTHERS AGRA SERVICE,190,#6F7CDB
MARUBENI AMERICA CORPORATION,191,#6F7CDB
MARUBENI CORPORATION,192,#6F7CDB
HELICOPTER APPLICATORS  INC.,193,#6F7CDB
HIGH DESERT AVIATION  LLC,194,#6F7CDB
"HOFFMAN AG SERVICES, INC.",195,#6F7CDB
HOFFMAN SEED HOUSE  INC.,196,#6F7CDB
HOMELAND INDUSTRIAL SUPPLY INC.,197,#6F7CDB
HOWARD FERTILIZER & CHEMICAL COMPANY  INC.,198,#6F7CDB
HUBBARD-HALL INC.,199,#6F7CDB
HY-TEST INDUSTRIES  LLC,200,#6F7CDB
IBIDE CORPORATION,201,#6F7CDB
ICF INTERNATIONAL  INC.,202,#6F7CDB
PERIMETER SOLUTIONS LP,203,#6F7CDB
ICL PERFORMANCE PRODUCTS LIMITED PARTNERSHIP,204,#6F7CDB
INDUSTRIAL SUPPLY SOLUTIONS  INC.,205,#6F7CDB
INNOSPEC FUEL SPECIALTIES LLC,206,#6F7CDB
GILBANE  INC.,207,#6F7CDB
INTEGRATED DEICING SERVICES  LLC,208,#6F7CDB
INTEGRITY TOOL & FASTENER  INC.,209,#6F7CDB
INTERNATIONAL CHEMSTAR INC,210,#6F7CDB
AKZO NOBEL N.V.,211,#6F7CDB
INTERNATIONAL PAINT LLC,212,#6F7CDB
ISO GROUP  INC.,213,#6F7CDB
IZMIT BUYUKSEHIR BELEDIYESI,214,#6F7CDB
J & H BERGE  INC.,215,#6F7CDB
MCCULLOUGH HOMES LLC,216,#6F7CDB
J.G.B. ENTERPRISES  INC.,217,#6F7CDB
J. R. SIMPLOT COMPANY,218,#6F7CDB
JAMARU LTD LLC,219,#6F7CDB
JAMES CONNOLLY CONSULTING,220,#6F7CDB
JAY JOH ENGINEERING INC,221,#6F7CDB
JBB ENTERPRISES LLC,222,#6F7CDB
JENNINGS  PHIL D.,223,#6F7CDB
JET STREAM FUELS  INC.,224,#6F7CDB
JMN SPECIALTIES  INC.,225,#6F7CDB
JO-KELL INC.,226,#6F7CDB
JONES  JOHN,227,#6F7CDB
K & L CUSTOM FARMS  INC.,228,#6F7CDB
KAMPI COMPONENTS CO.  INC.,229,#6F7CDB
KAPPA CONSTRUCTION  INC,230,#6F7CDB
KAUFMAN COMPANY  INC.,231,#6F7CDB
KBH CORPORATION  THE,232,#6F7CDB
KCN SOLUTIONS  LLC,233,#6F7CDB
KELLSPORT INDUSTRIES  INC.,234,#6F7CDB
KEYMAR FERTILIZER  INC.,235,#6F7CDB
KILFROST GROUP PLC,236,#6F7CDB
KINCAID EQUIPMENT MANUFACTURING  INC.,237,#6F7CDB
KING-TUESLEY ENTERPRISES  INC.,238,#6F7CDB
KINNEY BONDED WAREHOUSE  INC.,239,#6F7CDB
KNOCK OUT-TRUJILLO SPECIAL COATINGS JV,240,#6F7CDB
KOHMETSCHER FEED SERVICES INC,241,#6F7CDB
KUOG CORPORATION,242,#6F7CDB
KZN INSAAT TAAHHUT TICARET ITHALAT IHRACAT SANAYI LTD STI,243,#6F7CDB
LC INDUSTRIES  INC.,244,#6F7CDB
LEADING EDGE AVIATION  LLC,245,#6F7CDB
LENZ ENTERPRISES LLC,246,#6F7CDB
THE LIGHTHOUSE FOR THE BLIND,247,#6F7CDB
LINE-X LLC,248,#6F7CDB
LINE-X OF LONGVIEW  INC.,249,#6F7CDB
LINMARR ASSOCIATES INC.,250,#6F7CDB
LOGIS-TECH  INC.,251,#6F7CDB
LOGISTICAL SUPPORT TEAM INTERNATIONAL  LLC,252,#6F7CDB
NANNIES INTERNATIONAL  INC.,253,#6F7CDB
LYNN ELECTRONICS CORP.,254,#6F7CDB
M. O. DION & SONS  INC.,255,#6F7CDB
MACH I  INC.,256,#6F7CDB
FIBER OPTIC SYSTEMS TECHNOLOGY  INC,257,#6F7CDB
MCCALLISTER CONTRACT SERVICES  INC.,258,#6F7CDB
MCGEAN-ROHCO  INC.,259,#6F7CDB
COUNTY OF MCKENZIE,260,#6F7CDB
MDM CONSTRUCTION  LLC,261,#6F7CDB
CORNING INCORPORATED,262,#6F7CDB
MEEKS FARMS INC,263,#6F7CDB
MEHLING SPRAYING SERVICE  LLC,264,#6F7CDB
MERCER  EDDIE AGRI-SERVICES  INC.,265,#6F7CDB
MFA INCORPORATED,266,#6F7CDB
MGB CONTRACTING LLC,267,#6F7CDB
MICROENGINEERED METALS  INC.,268,#6F7CDB
MIDDAKOTA VEGETATION MANAGEMEN,269,#6F7CDB
MIDLAND SCIENTIFIC  INC.,270,#6F7CDB
MISCELLANEOUS FOREIGN CONTRACTORS,271,#6F7CDB
MJL ENTERPRISES  LLC,272,#6F7CDB
ML BUILDERS  LLC,273,#6F7CDB
MOIESE FERTILIZER COMPANY,274,#6F7CDB
MONROE  COUNTY OF (INC),275,#6F7CDB
JOHANN HALTERMANN LTD.,276,#6F7CDB
MORNING STAR INDUSTRIES INC.,277,#6F7CDB
ECOLAB INC.,278,#6F7CDB
NANOSONIC INC.,279,#6F7CDB
NATIONAL CHEMICAL LABORATORIES OF PA.  INC.,280,#6F7CDB
NATIONWIDE PHARMACEUTICAL LLC,281,#6F7CDB
NEI CORPORATION,282,#6F7CDB
NEW RIVERSIDE OCHRE COMPANY  INC.,283,#6F7CDB
NEWTON CROUCH  INC.,284,#6F7CDB
NEXEO SOLUTIONS  LLC,285,#6F7CDB
NICKS PAINTING,286,#6F7CDB
NOBLE SALES CO.  INC.,287,#6F7CDB
STATE OF NORTH CAROLINA,288,#6F7CDB
NORTHERN STAR MILLS,289,#6F7CDB
O B C NORTHWEST INC,290,#6F7CDB
O.S 2 CORPORATION,291,#6F7CDB
OPUS 12 INCORPORATED,292,#6F7CDB
ORISON MARKETING L L C,293,#6F7CDB
OSBORN INDUSTRIES LLC,294,#6F7CDB
OSHKOSH CORPORATION,295,#6F7CDB
OSTROM PAINTING & SANDBLASTING  INC.,296,#6F7CDB
P & C INDUSTRIAL SUPPLIES INC,297,#6F7CDB
PACIFIC STAR CORPORATION,298,#6F7CDB
PACKAGING SYSTEMS  INC.,299,#6F7CDB
PALA WOOD SERVICES COMPANY  INC,300,#6F7CDB
PANCAR INDUSTRIAL SUPPLY CORPORATION,301,#6F7CDB
PARCHEM TRADING LTD.,302,#6F7CDB
PATTONAIR USA INC,303,#6F7CDB
PATTONAIR USA  INC.,304,#6F7CDB
PAXTON COMPANY,305,#6F7CDB
CITY OF PEKIN,306,#6F7CDB
PETROLEUM SERVICE COMPANY,307,#6F7CDB
"PETRUS FEED & SEED STORES, INC.",308,#6F7CDB
PHILLIPS SOIL PRODUCTS  INC.,309,#6F7CDB
PHOENIX ENVIRONMENTAL DESIGN INC.,310,#6F7CDB
PHOENIX TRADING INC.,311,#6F7CDB
PICKERING  JOHN,312,#6F7CDB
PINEVIEW HORTICULTURAL SVC,313,#6F7CDB
JIMMY SANDERS INCORPORATED,314,#6F7CDB
J.R. SIMPLOT COMPANY,315,#6F7CDB
PIONEER INDUSTRIES  INC.,316,#6F7CDB
POND CONSTRUCTORS  INC,317,#6F7CDB
PPG INDUSTRIES  INC.,318,#6F7CDB
PRC - DESOTO INTERNATIONAL  INC.,319,#6F7CDB
DEFT  INCORPORATED,320,#6F7CDB
PREMIER COOPERATIVE,321,#6F7CDB
PRICE CONTRACTING  INC.,322,#6F7CDB
PRO-MARK SERVICES  INC.,323,#6F7CDB
PROTECTIVE COATING CONSULTANTS INC,324,#6F7CDB
PROTECTIVE COATINGS  INC.,325,#6F7CDB
PROVIRON INDUSTRIES NV,326,#6F7CDB
PROVIRON INDUSTRIES,327,#6F7CDB
CENTRAL WISCONSIN COOPERATIVE,328,#6F7CDB
PULLIG CONTRACTING CO.,329,#6F7CDB
QUALITY BIOLOGICAL  INC.,330,#6F7CDB
"QUALITY EQUIPMENT, LLC",331,#6F7CDB
QUANTUM CHEMICAL  LLC,332,#6F7CDB
R & M GOVERNMENT SERVICES  INC.,333,#6F7CDB
R.B.S.  INC.,334,#6F7CDB
R.S. HUGHES COMPANY  INC.,335,#6F7CDB
R2T  INC.,336,#6F7CDB
RANCH AT TRAIL'S END INC,337,#6F7CDB
REMONDIS INDUSTRIE SERVICE GMBH,338,#6F7CDB
RITE-KEM  INC.,339,#6F7CDB
ROBINS  JAMES R,340,#6F7CDB
ROCKINGHAM CO-OPERATIVE FARM BUREAU  INCORPORATED,341,#6F7CDB
ROCKSLIDE MATERIALS  INC,342,#6F7CDB
RODGERS FERTILIZER  LLC,343,#6F7CDB
ROYCO PACKAGING  INC,344,#6F7CDB
RSI  INC.,345,#6F7CDB
RUDOLPH BROTHERS & CO.,346,#6F7CDB
RUSSEL LONG DOVER & GRADER SERVICE,347,#6F7CDB
RUTHERFORD JANITOR SUPPLY CORPORATION,348,#6F7CDB
S D B CONSULTANTS LTD,349,#6F7CDB
S I T CORPORATION,350,#6F7CDB
S. & G. EXCAVATING  INC.,351,#6F7CDB
SANBORN SEWER SERVICE INC,352,#6F7CDB
SANKO AIR SELTEC CO.  LTD.,353,#6F7CDB
SANTA MARIA VALLEY CROP SERVICE INCORPORATED,354,#6F7CDB
SANTIE'S WHOLESALE OIL COMPANY,355,#6F7CDB
SCIENCE APPLICATIONS INTERNATIONAL CORPORATION,356,#6F7CDB
SEAHORSE DEFENSE SUPPLY  LLC,357,#6F7CDB
SEED RESEARCH EQUIPMENT SOLUTIONS LLC,358,#6F7CDB
SEIKO  K.K.,359,#6F7CDB
SENECA MINERAL COMPANY,360,#6F7CDB
SENTRY BOX SERVICES  LLC,361,#6F7CDB
THE SHERWIN-WILLIAMS COMPANY,362,#6F7CDB
SHOWBOAT CUSTOM COATING INC,363,#6F7CDB
SIGMA-ALDRICH CORPORATION,364,#6F7CDB
SIMBIOTIX CONTROL INC,365,#6F7CDB
SKAGIT FARMERS SUPPLY,366,#6F7CDB
SKOOKUM EDUCATIONAL PROGRAMS INC,367,#6F7CDB
SKY COPTERS  INC.,368,#6F7CDB
SKY MART SALES CORP.,369,#6F7CDB
SKYLINE AVIATION LLC,370,#6F7CDB
"SLOVAK, WALTER",371,#6F7CDB
SMART MANUFACTURING  INC.,372,#6F7CDB
SMITH  A T,373,#6F7CDB
SMITH  ALBERT & ARNOLD INC,374,#6F7CDB
SMITH  ROBERT,375,#6F7CDB
SOUTHEASTERN TOWERS  LLC,376,#6F7CDB
SPACE LAB TECHNOLOGIES  LLC,377,#6F7CDB
SPECIALIZED GOVERNMENT SOURCING  INC.,378,#6F7CDB
SPECIALTY COATINGS  INC.,379,#6F7CDB
URETHANE CONTRACTORS SUPPLY CO (INC),380,#6F7CDB
SPENERGY LLC,381,#6F7CDB
STARK  DEAN A,382,#6F7CDB
STARLIGHT CORPORATION,383,#6F7CDB
STEVEN INDUSTRIES INC,384,#6F7CDB
STRAUSS  KYLE,385,#6F7CDB
SUD - MULL GMBH & CO. KG FUR ABFALLTRANSPORTE UND SONDERABFA,386,#6F7CDB
SULLIVAN CORPORATION,387,#6F7CDB
SUNSET OUTDOOR SUPPLY,388,#6F7CDB
SUPPLYCORE INC.,389,#6F7CDB
SURFELLENT LLC,390,#6F7CDB
COUNTY OF SUSSEX,391,#6F7CDB
SWEAT LLC,392,#6F7CDB
SZY HOLDINGS  LLC,393,#6F7CDB
TANGRAM COMPANY  L.L.C.,394,#6F7CDB
TATTERSALL  INC.,395,#6F7CDB
TC CHEMICALS  LLC,396,#6F7CDB
THE SINGLETON CORPORATION,397,#6F7CDB
THERMO FISHER SCIENTIFIC INC.,398,#6F7CDB
THIRD COAST PACKAGING  INC.,399,#6F7CDB
THOMAS SCIENTIFIC  LLC,400,#6F7CDB
ARTHUR H THOMAS CO INC,401,#6F7CDB
TIMBERHORSE INC,402,#6F7CDB
EAGLE VALLEY AG SERVICE LLC,403,#6F7CDB
TOP GUN ENTERPRISES  LLC,404,#6F7CDB
TOTALL METAL RECYCLING  INC.,405,#6F7CDB
TRADE WELL PALLET  INC.,406,#6F7CDB
TRANSPEC FASTENERS  INC.,407,#6F7CDB
STATE OF MARYLAND,408,#6F7CDB
TRIAD LOGISTICS SERVICES CORPORATION,409,#6F7CDB
TUNHEIM CONSTRUCTION  LLC,410,#6F7CDB
TURNER ENTERPRISES,411,#6F7CDB
LAND VIEW  INC.,412,#6F7CDB
CORROSION TECHNOLOGIES CORPORATION,413,#6F7CDB
UNICAL DEFENSE INC.,414,#6F7CDB
UNITED COOPERATIVE,415,#6F7CDB
UNITY CONTRACTOR SERVICES INC,416,#6F7CDB
UP ENTERPRISES LLC,417,#6F7CDB
VAN HORN  INC.,418,#6F7CDB
VANGUARD PACIFIC LLC,419,#6F7CDB
VARNER CONSTRUCTION LLC,420,#6F7CDB
VEOLIA ES (UK) LTD,421,#6F7CDB
VERTEX LLC,422,#6F7CDB
VES COMPANY  INC.,423,#6F7CDB
VETCORP  INC.,424,#6F7CDB
SUSQUEHANNA ASSOCIATION FOR THE BLIND AND VISION IMPAIRED,425,#6F7CDB
VON ESCHEN  JASON N,426,#6F7CDB
VORTEX GRANULAR SYSTEMS LLC,427,#6F7CDB
VWR INTERNATIONAL  LLC,428,#6F7CDB
W. S. DARLEY & CO.,429,#6F7CDB
W. W. GRAINGER  INC.,430,#6F7CDB
WALKER'S LAWNCARE LLC,431,#6F7CDB
WALKING POINT FARMS LLC,432,#6F7CDB
WALTER LOUIS CHEMICALS & ASSOCIATES INC,433,#6F7CDB
WATANABE ENTERPRISES LLC,434,#6F7CDB
WECSYS LLC,435,#6F7CDB
WEDGWORTH'S INC.,436,#6F7CDB
WEIL CONSTRUCTION  INC.,437,#6F7CDB
WESTBAY AUTO PARTS  INC.,438,#6F7CDB
WESTERN COOPERATIVE COMPANY INC,439,#6F7CDB
WESTON SOLUTIONS HOLDINGS INC,440,#6F7CDB
R. H. WHITE COMPANIES  INC.,441,#6F7CDB
WOOD PAINT COMPANY  INC.,442,#6F7CDB
WRIGHT CO,443,#6F7CDB
XTO  INCORPORATED,444,#6F7CDB
YAMAGISHI REFORM CORPORATION,445,#6F7CDB
ZELOGTEK LLC,446,#6F7CDB
ZIMMERMAN MULCH PRODUCTS LLC,447,#6F7CDB
